Aachen,Neuss
Aachen,Koeln
Ansbach,Wuerzburg
Ansbach,Erlangen
Ansbach,Fuerth
Ansbach,Ingolstadt
Ansbach,Augsburg
Ansbach,Ulm
Ansbach,Heilbronn
Aschaffenburg,Darmstadt
Aschaffenburg,Mannheim
Aschaffenburg,Frankfurt
Aschaffenburg,Fulda
Aschaffenburg,Wuerzburg
Aschaffenburg,Heilbronn
Augsburg,Ulm
Augsburg,Ingolstadt
Augsburg,Kempten
Augsburg,Muenchen
Augsburg,Ansbach
Bamberg,Erlangen
Bamberg,Bayreuth
Bamberg,Lichtenfels
Bamberg,Wuerzburg
Bayreuth,Lichtenfels
Bayreuth,Bamberg
Bayreuth,Erlangen
Bayreuth,Hersbruck
Bielefeld,Osnabrueck
Bielefeld,Muenster
Bielefeld,Hannover
Bielefeld,Dortmund
Bielefeld,Kassel
Bielefeld,Marburg
Bochum,Gelsen-Kirchen
Bochum,Dortmund
Bochum,Essen
Bochum,Hagen
Bonn,Koeln
Bonn,Gummersburg
Bonn,Siegen
Bonn,Koblenz
Braunschweig,Hannover
Bremen,Oldenburg
Bremen,Rendsburg
Bremen,Hamburg
Bremen,Hannover
Coburg,Lichtenfels
Darmstadt,Mainz
Darmstadt,Frankfurt
Darmstadt,Mannheim
Darmstadt,Aschaffenburg
Dortmund,Hagen
Dortmund,Bochum
Dortmund,Muenster
Dortmund,Bielefeld
Duesseldorf,Duisburg
Duesseldorf,Neuss
Duesseldorf,Duisburg
Duesseldorf,Essen
Duesseldorf,Koeln
Duisburg,Essen
Duisburg,Neuss
Duisburg,Duesseldorf
Erlangen,Bamberg
Erlangen,Bayreuth
Erlangen,Fuerth
Erlangen,Nuernburg
Erlangen,Ansbach
Essen,Gelsen-Kirchen
Essen,Duisburg
Essen,Bochum
Essen,Duesseldorf
Frankfurt,Mainz
Frankfurt,Darmstadt
Frankfurt,Fulda
Frankfurt,Giessen
Frankfurt,Aschaffenburg
Freiburg,Offenburg
Fuerth,Erlangen
Fuerth,Ansbach
Fuerth,Nuernburg
Fulda,Kassel
Fulda,Aschaffenburg
Fulda,Marburg
Fulda,Kassel
Fulda,Wuerzburg
Gelsen-Kirchen,Essen
Gelsen-Kirchen,Bochum
Gelsen-Kirchen,Muenster
Giessen,Fulda
Giessen,Marburg
Giessen,Siegen
Giessen,Frankfurt
Gummersburg,Hagen
Gummersburg,Siegen
Gummersburg,Koeln
Gummersburg,Bonn
Hagen,Dortmund
Hagen,Duesseldorf
Hagen,Gummersburg
Hagen,Koeln
Hagen,Bochum
Hamburg,Rendsburg
Hamburg,Bremen
Hamburg,Hannover
Hamburg,Kiel
Hannover,Braunschweig
Hannover,Bielefeld
Hannover,Hamburg
Hannover,Kassel
Hannover,Bremen
Heilbronn,Stuttgart
Heilbronn,Karlsruhe
Heilbronn,Mannheim
Heilbronn,Wuerzburg
Heilbronn,Ansbach
Heilbronn,Wuerzburg
Hersbruck,Nuernburg
Hersbruck,Ingolstadt
Hersbruck,Regensburg
Ingolstadt,Regensburg
Ingolstadt,Landshut
Ingolstadt,Augsburg
Ingolstadt,Muenchen
Ingolstadt,Hersbruck
Kaiserslautern,Mannheim
Kaiserslautern,Karlsruhe
Kaiserslautern,Offenburg
Kaiserslautern,Mainz
Kaiserslautern,Saarbruecken
Karlsruhe,Mannheim
Karlsruhe,Kaiserslautern
Karlsruhe,Heilbronn
Karlsruhe,Stuttgart
Karlsruhe,Mannheim
Karlsruhe,Offenburg
Kassel,Hannover
Kassel,Bielefeld
Kassel,Marburg
Kassel,Fulda
Kempten,Augsburg
Kempten,Muenchen
Kempten,Ulm
Kiel,Rendsburg
Kiel,Hamburg
Koblenz,Siegen
Koblenz,Bonn
Koblenz,Mainz
Koblenz,Giessen
Koblenz,Saarbruecken
Koblenz,Kaiserslautern
Koeln,Neuss
Koeln,Duesseldorf
Koeln,Gummersburg
Koeln,Bonn
Koeln,Aachen
Koeln,Hagen
Landshut,Regensburg
Landshut,Muenchen
Landshut,Ingolstadt
Lichtenfels,Coburg
Lichtenfels,Bamberg
Lichtenfels,Bayreuth
Mainz,Koblenz
Mainz,Frankfurt
Mainz,Giessen
Mainz,Darmstadt
Mainz,Mannheim
Mainz,Kaiserslautern
Mannheim,Mainz
Mannheim,Kaiserslautern
Mannheim,Karlsruhe
Mannheim,Heilbronn
Mannheim,Darmstadt
Muenchen,Kempten
Muenchen,Augsburg
Muenchen,Landshut
Muenchen,Ingolstadt
Muenster,Osnabrueck
Muenster,Bielefeld
Muenster,Gelsen-Kirchen
Muenster,Dortmund
Neuss,Duisburg
Neuss,Duesseldorf
Neuss,Koeln
Neuss,Aachen
Nuernburg,Fuerth
Nuernburg,Erlangen
Nuernburg,Hersbruck
Nuernburg,Ingolstadt
Offenburg,Karlsruhe
Offenburg,Freiburg
Oldenburg,Bremen
Oldenburg,Osnabrueck
Osnabrueck,Bielefeld
Osnabrueck,Oldenburg
Osnabrueck,Muenster
Regensburg,Ingolstadt
Regensburg,Landshut
Rendsburg,Kiel
Rendsburg,Hamburg
Rendsburg,Bremen
Reutlingen,Stuttgart
Reutlingen,Ulm
Saarbruecken,Kaiserslautern
Saarbruecken,Koblenz
Siegen,Gummersburg
Siegen,Bonn
Siegen,Marburg
Siegen,Giessen
Siegen,Koblenz
Stuttgart,Heilbronn
Stuttgart,Reutlingen
Stuttgart,Karlsruhe
Ulm,Augsburg
Ulm,Reutlingen
Ulm,Kempten
Ulm,Ansbach
Wuerzburg,Aschaffenburg
Wuerzburg,Fulda
Wuerzburg,Bamberg
Wuerzburg,Ansbach
Wuerzburg,Heilbronn